scoring_metric,LR_after_Feature_Selection
accuracy,0.7982488422731315
f1,0.04962438601560243
precision,0.02558849821215733
recall,0.8178571428571428
